[rank=1, moviename=해리포터와 아즈카반의 죄수, imagesrc=//images.maxmovie.com/thumbf/movie_info/image/2003/12/M000017987/poster/Maxharry2004.jpg]
[rank=2, moviename=젠틀맨, imagesrc=//images.maxmovie.com/thumbf/movie_info/image/2019/12/M000115581/poster/Max2020Gentlemen1_0.jpg]
[rank=3, moviename=1917, imagesrc=//images.maxmovie.com/thumbf/movie_info/image/2020/01/M000115662/poster/MAX202019174_0.jpg]
[rank=4, moviename=정직한 후보, imagesrc=//images.maxmovie.com/thumbf/movie_info/image/2019/12/M000115507/poster/Max2019Honest2.jpg]
[rank=5, moviename=인비저블맨, imagesrc=//images.maxmovie.com/thumbf/movie_info/image/2020/01/M000115652/poster/Max2020InvisibleMan2_0.jpg]
[rank=6, moviename=작은 아씨들, imagesrc=//images.maxmovie.com/thumbf/movie_info/image/2019/12/M000115380/poster/Max2020LittleWomen3.jpg]
[rank=7, moviename=지푸라기라도 잡고 싶은 짐승들, imagesrc=//images.maxmovie.com/thumbf/movie_info/image/2018/09/M000108660/poster/Max2019Beasts3_0.jpg]
[rank=8, moviename=사냥의 시간, imagesrc=//images.maxmovie.com/thumbf/movie_info/image/2018/05/M000106759/poster/Max2020TheNighto1.jpg]
[rank=10, moviename=나이트 헌터, imagesrc=//images.maxmovie.com/thumbf/movie_info/image/2020/01/M000115858/poster/Max2020Nomis.jpg]
[rank=11, moviename=기생충, imagesrc=//images.maxmovie.com/thumbf/movie_info/image/2017/06/M000102468/poster/Max2018PARASITE4.jpg]
